Date,Building,CropType,GridID,X,Y,GridFert_Barley,numPlantsInGrid,FieldFert_Barley,FieldSowPerc,FieldGrowthPerc,FieldYield
24Sep0045,SMBuildingMaster,Barley,186980,612,182,0.7137,2,0.7245,0,0,
24Sep0045,SMBuildingMaster,Barley,186982,614,182,0.7176,2,0.7245,0,0,
24Sep0045,SMBuildingMaster,Barley,186983,615,182,0.7176,2,0.7245,0,0,
24Sep0045,SMBuildingMaster,Barley,186985,617,182,0.7176,2,0.7245,0,0,
24Sep0045,SMBuildingMaster,Barley,186987,619,182,0.7176,2,0.7245,0,0,
24Sep0045,SMBuildingMaster,Barley,186989,621,182,0.7176,2,0.7245,0,0,
24Sep0045,SMBuildingMaster,Barley,188004,612,183,0.7137,1,0.7245,0,0,
24Sep0045,SMBuildingMaster,Barley,188006,614,183,0.7176,1,0.7245,0,0,
24Sep0045,SMBuildingMaster,Barley,188007,615,183,0.7176,1,0.7245,0,0,
24Sep0045,SMBuildingMaster,Barley,188009,617,183,0.7216,1,0.7245,0,0,
24Sep0045,SMBuildingMaster,Barley,188011,619,183,0.7216,1,0.7245,0,0,
24Sep0045,SMBuildingMaster,Barley,188013,621,183,0.7176,1,0.7245,0,0,
24Sep0045,SMBuildingMaster,Barley,189028,612,184,0.7176,1,0.7245,0,0,
24Sep0045,SMBuildingMaster,Barley,189030,614,184,0.7216,1,0.7245,0,0,
24Sep0045,SMBuildingMaster,Barley,189031,615,184,0.7216,1,0.7245,0,0,
24Sep0045,SMBuildingMaster,Barley,189033,617,184,0.7216,1,0.7245,0,0,
24Sep0045,SMBuildingMaster,Barley,189035,619,184,0.7216,1,0.7245,0,0,
24Sep0045,SMBuildingMaster,Barley,189037,621,184,0.7176,1,0.7245,0,0,
24Sep0045,SMBuildingMaster,Barley,190052,612,185,0.7176,1,0.7245,0,0,
24Sep0045,SMBuildingMaster,Barley,190054,614,185,0.7216,1,0.7245,0,0,
24Sep0045,SMBuildingMaster,Barley,190055,615,185,0.7216,1,0.7245,0,0,
24Sep0045,SMBuildingMaster,Barley,190057,617,185,0.7216,1,0.7245,0,0,
24Sep0045,SMBuildingMaster,Barley,190059,619,185,0.7216,1,0.7245,0,0,
24Sep0045,SMBuildingMaster,Barley,190061,621,185,0.7176,1,0.7245,0,0,
24Sep0045,SMBuildingMaster,Barley,191076,612,186,0.7216,3,0.7245,0,0,
24Sep0045,SMBuildingMaster,Barley,191078,614,186,0.7255,3,0.7245,0,0,
24Sep0045,SMBuildingMaster,Barley,191079,615,186,0.7255,3,0.7245,0,0,
24Sep0045,SMBuildingMaster,Barley,191081,617,186,0.7255,3,0.7245,0,0,
24Sep0045,SMBuildingMaster,Barley,191083,619,186,0.7216,3,0.7245,0,0,
24Sep0045,SMBuildingMaster,Barley,191085,621,186,0.7216,3,0.7245,0,0,
24Sep0045,SMBuildingMaster,Barley,192100,612,187,0.7216,1,0.7245,0,0,
24Sep0045,SMBuildingMaster,Barley,192102,614,187,0.7255,1,0.7245,0,0,
24Sep0045,SMBuildingMaster,Barley,192103,615,187,0.7255,1,0.7245,0,0,
24Sep0045,SMBuildingMaster,Barley,192105,617,187,0.7255,1,0.7245,0,0,
24Sep0045,SMBuildingMaster,Barley,192107,619,187,0.7255,1,0.7245,0,0,
24Sep0045,SMBuildingMaster,Barley,192109,621,187,0.7216,1,0.7245,0,0,
24Sep0045,SMBuildingMaster,Barley,193124,612,188,0.7255,1,0.7245,0,0,
24Sep0045,SMBuildingMaster,Barley,193126,614,188,0.7294,1,0.7245,0,0,
24Sep0045,SMBuildingMaster,Barley,193127,615,188,0.7255,1,0.7245,0,0,
24Sep0045,SMBuildingMaster,Barley,193129,617,188,0.7294,1,0.7245,0,0,
24Sep0045,SMBuildingMaster,Barley,193131,619,188,0.7294,1,0.7245,0,0,
24Sep0045,SMBuildingMaster,Barley,193133,621,188,0.7255,1,0.7245,0,0,
24Sep0045,SMBuildingMaster,Barley,194148,612,189,0.7255,1,0.7245,0,0,
24Sep0045,SMBuildingMaster,Barley,194150,614,189,0.7294,1,0.7245,0,0,
24Sep0045,SMBuildingMaster,Barley,194151,615,189,0.7294,1,0.7245,0,0,
24Sep0045,SMBuildingMaster,Barley,194153,617,189,0.7294,1,0.7245,0,0,
24Sep0045,SMBuildingMaster,Barley,194155,619,189,0.7294,1,0.7245,0,0,
24Sep0045,SMBuildingMaster,Barley,194157,621,189,0.7294,1,0.7245,0,0,
24Sep0045,SMBuildingMaster,Barley,195172,612,190,0.7294,1,0.7245,0,0,
24Sep0045,SMBuildingMaster,Barley,195174,614,190,0.7333,1,0.7245,0,0,
24Sep0045,SMBuildingMaster,Barley,195175,615,190,0.7333,1,0.7245,0,0,
24Sep0045,SMBuildingMaster,Barley,195177,617,190,0.7333,1,0.7245,0,0,
24Sep0045,SMBuildingMaster,Barley,195179,619,190,0.7333,1,0.7245,0,0,
24Sep0045,SMBuildingMaster,Barley,195181,621,190,0.7294,1,0.7245,0,0,
24Sep0045,SMBuildingMaster,Barley,196196,612,191,0.7333,2,0.7245,0,0,
24Sep0045,SMBuildingMaster,Barley,196198,614,191,0.7333,2,0.7245,0,0,
24Sep0045,SMBuildingMaster,Barley,196199,615,191,0.7333,2,0.7245,0,0,
24Sep0045,SMBuildingMaster,Barley,196201,617,191,0.7333,2,0.7245,0,0,
24Sep0045,SMBuildingMaster,Barley,196203,619,191,0.7333,2,0.7245,0,0,
24Sep0045,SMBuildingMaster,Barley,196205,621,191,0.7333,2,0.7245,0,0,
01Sep0046,SMBuildingMaster,Barley,186980,612,182,0.2577,2,0.3336,1,1,17
01Sep0046,SMBuildingMaster,Barley,186982,614,182,0.2616,2,0.3336,1,1,17
01Sep0046,SMBuildingMaster,Barley,186983,615,182,0.2616,2,0.3336,1,1,17
01Sep0046,SMBuildingMaster,Barley,186985,617,182,0.2616,2,0.3336,1,1,17
01Sep0046,SMBuildingMaster,Barley,186987,619,182,0.2616,2,0.3336,1,1,17
01Sep0046,SMBuildingMaster,Barley,186989,621,182,0.2616,2,0.3336,1,1,17
01Sep0046,SMBuildingMaster,Barley,188004,612,183,0.4857,1,0.3336,1,1,17
01Sep0046,SMBuildingMaster,Barley,188006,614,183,0.4896,1,0.3336,1,1,17
01Sep0046,SMBuildingMaster,Barley,188007,615,183,0.4896,1,0.3336,1,1,17
01Sep0046,SMBuildingMaster,Barley,188009,617,183,0.4936,1,0.3336,1,1,17
01Sep0046,SMBuildingMaster,Barley,188011,619,183,0.4936,1,0.3336,1,1,17
01Sep0046,SMBuildingMaster,Barley,188013,621,183,0.4896,1,0.3336,1,1,17
01Sep0046,SMBuildingMaster,Barley,189028,612,184,0.4896,1,0.3336,1,1,17
01Sep0046,SMBuildingMaster,Barley,189030,614,184,0.4936,1,0.3336,1,1,17
01Sep0046,SMBuildingMaster,Barley,189031,615,184,0.4936,1,0.3336,1,1,17
01Sep0046,SMBuildingMaster,Barley,189033,617,184,0.4936,1,0.3336,1,1,17
01Sep0046,SMBuildingMaster,Barley,189035,619,184,0.4936,1,0.3336,1,1,17
01Sep0046,SMBuildingMaster,Barley,189037,621,184,0.4896,1,0.3336,1,1,17
01Sep0046,SMBuildingMaster,Barley,190052,612,185,0.4896,1,0.3336,1,1,17
01Sep0046,SMBuildingMaster,Barley,190054,614,185,0.4936,1,0.3336,1,1,17
01Sep0046,SMBuildingMaster,Barley,190055,615,185,0.4936,1,0.3336,1,1,17
01Sep0046,SMBuildingMaster,Barley,190057,617,185,0.4936,1,0.3336,1,1,17
01Sep0046,SMBuildingMaster,Barley,190059,619,185,0.4936,1,0.3336,1,1,17
01Sep0046,SMBuildingMaster,Barley,190061,621,185,0.4896,1,0.3336,1,1,17
01Sep0046,SMBuildingMaster,Barley,191076,612,186,0.0376,3,0.3336,1,1,17
01Sep0046,SMBuildingMaster,Barley,191078,614,186,0.0415,3,0.3336,1,1,17
01Sep0046,SMBuildingMaster,Barley,191079,615,186,0.0415,3,0.3336,1,1,17
01Sep0046,SMBuildingMaster,Barley,191081,617,186,0.0415,3,0.3336,1,1,17
01Sep0046,SMBuildingMaster,Barley,191083,619,186,0.0376,3,0.3336,1,1,17
01Sep0046,SMBuildingMaster,Barley,191085,621,186,0.0376,3,0.3336,1,1,17
01Sep0046,SMBuildingMaster,Barley,192100,612,187,0.4936,1,0.3336,1,1,17
01Sep0046,SMBuildingMaster,Barley,192102,614,187,0.4975,1,0.3336,1,1,17
01Sep0046,SMBuildingMaster,Barley,192103,615,187,0.4975,1,0.3336,1,1,17
01Sep0046,SMBuildingMaster,Barley,192105,617,187,0.4975,1,0.3336,1,1,17
01Sep0046,SMBuildingMaster,Barley,192107,619,187,0.4975,1,0.3336,1,1,17
01Sep0046,SMBuildingMaster,Barley,192109,621,187,0.4936,1,0.3336,1,1,17
01Sep0046,SMBuildingMaster,Barley,193124,612,188,0.4975,1,0.3336,1,1,17
01Sep0046,SMBuildingMaster,Barley,193126,614,188,0.5014,1,0.3336,1,1,17
01Sep0046,SMBuildingMaster,Barley,193127,615,188,0.4975,1,0.3336,1,1,17
01Sep0046,SMBuildingMaster,Barley,193129,617,188,0.5014,1,0.3336,1,1,17
01Sep0046,SMBuildingMaster,Barley,193131,619,188,0.5014,1,0.3336,1,1,17
01Sep0046,SMBuildingMaster,Barley,193133,621,188,0.4975,1,0.3336,1,1,17
01Sep0046,SMBuildingMaster,Barley,194148,612,189,0.4975,1,0.3336,1,1,17
01Sep0046,SMBuildingMaster,Barley,194150,614,189,0.5014,1,0.3336,1,1,17
01Sep0046,SMBuildingMaster,Barley,194151,615,189,0.5014,1,0.3336,1,1,17
01Sep0046,SMBuildingMaster,Barley,194153,617,189,0.5014,1,0.3336,1,1,17
01Sep0046,SMBuildingMaster,Barley,194155,619,189,0.5014,1,0.3336,1,1,17
01Sep0046,SMBuildingMaster,Barley,194157,621,189,0.5014,1,0.3336,1,1,17
01Sep0046,SMBuildingMaster,Barley,195172,612,190,0.5014,1,0.3336,1,1,17
01Sep0046,SMBuildingMaster,Barley,195174,614,190,0.5053,1,0.3336,1,1,17
01Sep0046,SMBuildingMaster,Barley,195175,615,190,0.5053,1,0.3336,1,1,17
01Sep0046,SMBuildingMaster,Barley,195177,617,190,0.5053,1,0.3336,1,1,17
01Sep0046,SMBuildingMaster,Barley,195179,619,190,0.5053,1,0.3336,1,1,17
01Sep0046,SMBuildingMaster,Barley,195181,621,190,0.5014,1,0.3336,1,1,17
01Sep0046,SMBuildingMaster,Barley,196196,612,191,0.2773,2,0.3336,1,1,17
01Sep0046,SMBuildingMaster,Barley,196198,614,191,0.2773,2,0.3336,1,1,17
01Sep0046,SMBuildingMaster,Barley,196199,615,191,0.2773,2,0.3336,1,1,17
01Sep0046,SMBuildingMaster,Barley,196201,617,191,0.2773,2,0.3336,1,1,17
01Sep0046,SMBuildingMaster,Barley,196203,619,191,0.2773,2,0.3336,1,1,17
01Sep0046,SMBuildingMaster,Barley,196205,621,191,0.2773,2,0.3336,1,1,17
10Sep0046,SMBuildingMaster,Barley,186980,612,182,0.2577,2,0.3336,0,0,
10Sep0046,SMBuildingMaster,Barley,186982,614,182,0.2616,2,0.3336,0,0,
10Sep0046,SMBuildingMaster,Barley,186983,615,182,0.2616,2,0.3336,0,0,
10Sep0046,SMBuildingMaster,Barley,186985,617,182,0.2616,2,0.3336,0,0,
10Sep0046,SMBuildingMaster,Barley,186987,619,182,0.2616,2,0.3336,0,0,
10Sep0046,SMBuildingMaster,Barley,186989,621,182,0.2616,2,0.3336,0,0,
10Sep0046,SMBuildingMaster,Barley,188004,612,183,0.4857,1,0.3336,0,0,
10Sep0046,SMBuildingMaster,Barley,188006,614,183,0.4896,1,0.3336,0,0,
10Sep0046,SMBuildingMaster,Barley,188007,615,183,0.4896,1,0.3336,0,0,
10Sep0046,SMBuildingMaster,Barley,188009,617,183,0.4936,1,0.3336,0,0,
10Sep0046,SMBuildingMaster,Barley,188011,619,183,0.4936,1,0.3336,0,0,
10Sep0046,SMBuildingMaster,Barley,188013,621,183,0.4896,1,0.3336,0,0,
10Sep0046,SMBuildingMaster,Barley,189028,612,184,0.4896,1,0.3336,0,0,
10Sep0046,SMBuildingMaster,Barley,189030,614,184,0.4936,1,0.3336,0,0,
10Sep0046,SMBuildingMaster,Barley,189031,615,184,0.4936,1,0.3336,0,0,
10Sep0046,SMBuildingMaster,Barley,189033,617,184,0.4936,1,0.3336,0,0,
10Sep0046,SMBuildingMaster,Barley,189035,619,184,0.4936,1,0.3336,0,0,
10Sep0046,SMBuildingMaster,Barley,189037,621,184,0.4896,1,0.3336,0,0,
10Sep0046,SMBuildingMaster,Barley,190052,612,185,0.4896,1,0.3336,0,0,
10Sep0046,SMBuildingMaster,Barley,190054,614,185,0.4936,1,0.3336,0,0,
10Sep0046,SMBuildingMaster,Barley,190055,615,185,0.4936,1,0.3336,0,0,
10Sep0046,SMBuildingMaster,Barley,190057,617,185,0.4936,1,0.3336,0,0,
10Sep0046,SMBuildingMaster,Barley,190059,619,185,0.4936,1,0.3336,0,0,
10Sep0046,SMBuildingMaster,Barley,190061,621,185,0.4896,1,0.3336,0,0,
10Sep0046,SMBuildingMaster,Barley,191076,612,186,0.0376,3,0.3336,0,0,
10Sep0046,SMBuildingMaster,Barley,191078,614,186,0.0415,3,0.3336,0,0,
10Sep0046,SMBuildingMaster,Barley,191079,615,186,0.0415,3,0.3336,0,0,
10Sep0046,SMBuildingMaster,Barley,191081,617,186,0.0415,3,0.3336,0,0,
10Sep0046,SMBuildingMaster,Barley,191083,619,186,0.0376,3,0.3336,0,0,
10Sep0046,SMBuildingMaster,Barley,191085,621,186,0.0376,3,0.3336,0,0,
10Sep0046,SMBuildingMaster,Barley,192100,612,187,0.4936,1,0.3336,0,0,
10Sep0046,SMBuildingMaster,Barley,192102,614,187,0.4975,1,0.3336,0,0,
10Sep0046,SMBuildingMaster,Barley,192103,615,187,0.4975,1,0.3336,0,0,
10Sep0046,SMBuildingMaster,Barley,192105,617,187,0.4975,1,0.3336,0,0,
10Sep0046,SMBuildingMaster,Barley,192107,619,187,0.4975,1,0.3336,0,0,
10Sep0046,SMBuildingMaster,Barley,192109,621,187,0.4936,1,0.3336,0,0,
10Sep0046,SMBuildingMaster,Barley,193124,612,188,0.4975,1,0.3336,0,0,
10Sep0046,SMBuildingMaster,Barley,193126,614,188,0.5014,1,0.3336,0,0,
10Sep0046,SMBuildingMaster,Barley,193127,615,188,0.4975,1,0.3336,0,0,
10Sep0046,SMBuildingMaster,Barley,193129,617,188,0.5014,1,0.3336,0,0,
10Sep0046,SMBuildingMaster,Barley,193131,619,188,0.5014,1,0.3336,0,0,
10Sep0046,SMBuildingMaster,Barley,193133,621,188,0.4975,1,0.3336,0,0,
10Sep0046,SMBuildingMaster,Barley,194148,612,189,0.4975,1,0.3336,0,0,
10Sep0046,SMBuildingMaster,Barley,194150,614,189,0.5014,1,0.3336,0,0,
10Sep0046,SMBuildingMaster,Barley,194151,615,189,0.5014,1,0.3336,0,0,
10Sep0046,SMBuildingMaster,Barley,194153,617,189,0.5014,1,0.3336,0,0,
10Sep0046,SMBuildingMaster,Barley,194155,619,189,0.5014,1,0.3336,0,0,
10Sep0046,SMBuildingMaster,Barley,194157,621,189,0.5014,1,0.3336,0,0,
10Sep0046,SMBuildingMaster,Barley,195172,612,190,0.5014,1,0.3336,0,0,
10Sep0046,SMBuildingMaster,Barley,195174,614,190,0.5053,1,0.3336,0,0,
10Sep0046,SMBuildingMaster,Barley,195175,615,190,0.5053,1,0.3336,0,0,
10Sep0046,SMBuildingMaster,Barley,195177,617,190,0.5053,1,0.3336,0,0,
10Sep0046,SMBuildingMaster,Barley,195179,619,190,0.5053,1,0.3336,0,0,
10Sep0046,SMBuildingMaster,Barley,195181,621,190,0.5014,1,0.3336,0,0,
10Sep0046,SMBuildingMaster,Barley,196196,612,191,0.2773,2,0.3336,0,0,
10Sep0046,SMBuildingMaster,Barley,196198,614,191,0.2773,2,0.3336,0,0,
10Sep0046,SMBuildingMaster,Barley,196199,615,191,0.2773,2,0.3336,0,0,
10Sep0046,SMBuildingMaster,Barley,196201,617,191,0.2773,2,0.3336,0,0,
10Sep0046,SMBuildingMaster,Barley,196203,619,191,0.2773,2,0.3336,0,0,
10Sep0046,SMBuildingMaster,Barley,196205,621,191,0.2773,2,0.3336,0,0,
01Sep0047,SMBuildingMaster,Barley,186980,612,182,0,2,0.1342,1,1,6
01Sep0047,SMBuildingMaster,Barley,186982,614,182,0,2,0.1342,1,1,6
01Sep0047,SMBuildingMaster,Barley,186983,615,182,0,2,0.1342,1,1,6
01Sep0047,SMBuildingMaster,Barley,186985,617,182,0,2,0.1342,1,1,6
01Sep0047,SMBuildingMaster,Barley,186987,619,182,0,2,0.1342,1,1,6
01Sep0047,SMBuildingMaster,Barley,186989,621,182,0,2,0.1342,1,1,6
01Sep0047,SMBuildingMaster,Barley,188004,612,183,0.2577,1,0.1342,1,1,6
01Sep0047,SMBuildingMaster,Barley,188006,614,183,0.2616,1,0.1342,1,1,6
01Sep0047,SMBuildingMaster,Barley,188007,615,183,0.2616,1,0.1342,1,1,6
01Sep0047,SMBuildingMaster,Barley,188009,617,183,0.2656,1,0.1342,1,1,6
01Sep0047,SMBuildingMaster,Barley,188011,619,183,0.2656,1,0.1342,1,1,6
01Sep0047,SMBuildingMaster,Barley,188013,621,183,0.2616,1,0.1342,1,1,6
01Sep0047,SMBuildingMaster,Barley,189028,612,184,0.2616,1,0.1342,1,1,6
01Sep0047,SMBuildingMaster,Barley,189030,614,184,0.2656,1,0.1342,1,1,6
01Sep0047,SMBuildingMaster,Barley,189031,615,184,0.2656,1,0.1342,1,1,6
01Sep0047,SMBuildingMaster,Barley,189033,617,184,0.2656,1,0.1342,1,1,6
01Sep0047,SMBuildingMaster,Barley,189035,619,184,0.2656,1,0.1342,1,1,6
01Sep0047,SMBuildingMaster,Barley,189037,621,184,0.2616,1,0.1342,1,1,6
01Sep0047,SMBuildingMaster,Barley,190052,612,185,0.2616,1,0.1342,1,1,6
01Sep0047,SMBuildingMaster,Barley,190054,614,185,0.2656,1,0.1342,1,1,6
01Sep0047,SMBuildingMaster,Barley,190055,615,185,0.2656,1,0.1342,1,1,6
01Sep0047,SMBuildingMaster,Barley,190057,617,185,0.2656,1,0.1342,1,1,6
01Sep0047,SMBuildingMaster,Barley,190059,619,185,0.2656,1,0.1342,1,1,6
01Sep0047,SMBuildingMaster,Barley,190061,621,185,0.2616,1,0.1342,1,1,6
01Sep0047,SMBuildingMaster,Barley,191076,612,186,0,3,0.1342,1,1,6
01Sep0047,SMBuildingMaster,Barley,191078,614,186,0,3,0.1342,1,1,6
01Sep0047,SMBuildingMaster,Barley,191079,615,186,0,3,0.1342,1,1,6
01Sep0047,SMBuildingMaster,Barley,191081,617,186,0,3,0.1342,1,1,6
01Sep0047,SMBuildingMaster,Barley,191083,619,186,0,3,0.1342,1,1,6
01Sep0047,SMBuildingMaster,Barley,191085,621,186,0,3,0.1342,1,1,6
01Sep0047,SMBuildingMaster,Barley,192100,612,187,0.2656,1,0.1342,1,1,6
01Sep0047,SMBuildingMaster,Barley,192102,614,187,0.2695,1,0.1342,1,1,6
01Sep0047,SMBuildingMaster,Barley,192103,615,187,0.2695,1,0.1342,1,1,6
01Sep0047,SMBuildingMaster,Barley,192105,617,187,0.2695,1,0.1342,1,1,6
01Sep0047,SMBuildingMaster,Barley,192107,619,187,0.2695,1,0.1342,1,1,6
01Sep0047,SMBuildingMaster,Barley,192109,621,187,0.2656,1,0.1342,1,1,6
01Sep0047,SMBuildingMaster,Barley,193124,612,188,0.2695,1,0.1342,1,1,6
01Sep0047,SMBuildingMaster,Barley,193126,614,188,0.2734,1,0.1342,1,1,6
01Sep0047,SMBuildingMaster,Barley,193127,615,188,0.2695,1,0.1342,1,1,6
01Sep0047,SMBuildingMaster,Barley,193129,617,188,0.2734,1,0.1342,1,1,6
01Sep0047,SMBuildingMaster,Barley,193131,619,188,0.2734,1,0.1342,1,1,6
01Sep0047,SMBuildingMaster,Barley,193133,621,188,0.2695,1,0.1342,1,1,6
01Sep0047,SMBuildingMaster,Barley,194148,612,189,0.2695,1,0.1342,1,1,6
01Sep0047,SMBuildingMaster,Barley,194150,614,189,0.2734,1,0.1342,1,1,6
01Sep0047,SMBuildingMaster,Barley,194151,615,189,0.2734,1,0.1342,1,1,6
01Sep0047,SMBuildingMaster,Barley,194153,617,189,0.2734,1,0.1342,1,1,6
01Sep0047,SMBuildingMaster,Barley,194155,619,189,0.2734,1,0.1342,1,1,6
01Sep0047,SMBuildingMaster,Barley,194157,621,189,0.2734,1,0.1342,1,1,6
01Sep0047,SMBuildingMaster,Barley,195172,612,190,0.2734,1,0.1342,1,1,6
01Sep0047,SMBuildingMaster,Barley,195174,614,190,0.2773,1,0.1342,1,1,6
01Sep0047,SMBuildingMaster,Barley,195175,615,190,0.2773,1,0.1342,1,1,6
01Sep0047,SMBuildingMaster,Barley,195177,617,190,0.2773,1,0.1342,1,1,6
01Sep0047,SMBuildingMaster,Barley,195179,619,190,0.2773,1,0.1342,1,1,6
01Sep0047,SMBuildingMaster,Barley,195181,621,190,0.2734,1,0.1342,1,1,6
01Sep0047,SMBuildingMaster,Barley,196196,612,191,0,2,0.1342,1,1,6
01Sep0047,SMBuildingMaster,Barley,196198,614,191,0,2,0.1342,1,1,6
01Sep0047,SMBuildingMaster,Barley,196199,615,191,0,2,0.1342,1,1,6
01Sep0047,SMBuildingMaster,Barley,196201,617,191,0,2,0.1342,1,1,6
01Sep0047,SMBuildingMaster,Barley,196203,619,191,0,2,0.1342,1,1,6
01Sep0047,SMBuildingMaster,Barley,196205,621,191,0,2,0.1342,1,1,6
10Sep0047,SMBuildingMaster,Barley,186980,612,182,0,2,0.1342,0.0357,0.0357,
10Sep0047,SMBuildingMaster,Barley,186982,614,182,0,2,0.1342,0.0357,0.0357,
10Sep0047,SMBuildingMaster,Barley,186983,615,182,0,2,0.1342,0.0357,0.0357,
10Sep0047,SMBuildingMaster,Barley,186985,617,182,0,2,0.1342,0.0357,0.0357,
10Sep0047,SMBuildingMaster,Barley,186987,619,182,0,2,0.1342,0.0357,0.0357,
10Sep0047,SMBuildingMaster,Barley,186989,621,182,0,2,0.1342,0.0357,0.0357,
10Sep0047,SMBuildingMaster,Barley,188004,612,183,0.2577,1,0.1342,0.0357,0.0357,
10Sep0047,SMBuildingMaster,Barley,188006,614,183,0.2616,1,0.1342,0.0357,0.0357,
10Sep0047,SMBuildingMaster,Barley,188007,615,183,0.2616,1,0.1342,0.0357,0.0357,
10Sep0047,SMBuildingMaster,Barley,188009,617,183,0.2656,1,0.1342,0.0357,0.0357,
10Sep0047,SMBuildingMaster,Barley,188011,619,183,0.2656,1,0.1342,0.0357,0.0357,
10Sep0047,SMBuildingMaster,Barley,188013,621,183,0.2616,1,0.1342,0.0357,0.0357,
10Sep0047,SMBuildingMaster,Barley,189028,612,184,0.2616,1,0.1342,0.0357,0.0357,
10Sep0047,SMBuildingMaster,Barley,189030,614,184,0.2656,1,0.1342,0.0357,0.0357,
10Sep0047,SMBuildingMaster,Barley,189031,615,184,0.2656,1,0.1342,0.0357,0.0357,
10Sep0047,SMBuildingMaster,Barley,189033,617,184,0.2656,1,0.1342,0.0357,0.0357,
10Sep0047,SMBuildingMaster,Barley,189035,619,184,0.2656,1,0.1342,0.0357,0.0357,
10Sep0047,SMBuildingMaster,Barley,189037,621,184,0.2616,1,0.1342,0.0357,0.0357,
10Sep0047,SMBuildingMaster,Barley,190052,612,185,0.2616,1,0.1342,0.0357,0.0357,
10Sep0047,SMBuildingMaster,Barley,190054,614,185,0.2656,1,0.1342,0.0357,0.0357,
10Sep0047,SMBuildingMaster,Barley,190055,615,185,0.2656,1,0.1342,0.0357,0.0357,
10Sep0047,SMBuildingMaster,Barley,190057,617,185,0.2656,1,0.1342,0.0357,0.0357,
10Sep0047,SMBuildingMaster,Barley,190059,619,185,0.2656,1,0.1342,0.0357,0.0357,
10Sep0047,SMBuildingMaster,Barley,190061,621,185,0.2616,1,0.1342,0.0357,0.0357,
10Sep0047,SMBuildingMaster,Barley,191076,612,186,0,3,0.1342,0.0357,0.0357,
10Sep0047,SMBuildingMaster,Barley,191078,614,186,0,3,0.1342,0.0357,0.0357,
10Sep0047,SMBuildingMaster,Barley,191079,615,186,0,3,0.1342,0.0357,0.0357,
10Sep0047,SMBuildingMaster,Barley,191081,617,186,0,3,0.1342,0.0357,0.0357,
10Sep0047,SMBuildingMaster,Barley,191083,619,186,0,3,0.1342,0.0357,0.0357,
10Sep0047,SMBuildingMaster,Barley,191085,621,186,0,3,0.1342,0.0357,0.0357,
10Sep0047,SMBuildingMaster,Barley,192100,612,187,0.2656,1,0.1342,0.0357,0.0357,
10Sep0047,SMBuildingMaster,Barley,192102,614,187,0.2695,1,0.1342,0.0357,0.0357,
10Sep0047,SMBuildingMaster,Barley,192103,615,187,0.2695,1,0.1342,0.0357,0.0357,
10Sep0047,SMBuildingMaster,Barley,192105,617,187,0.2695,1,0.1342,0.0357,0.0357,
10Sep0047,SMBuildingMaster,Barley,192107,619,187,0.2695,1,0.1342,0.0357,0.0357,
10Sep0047,SMBuildingMaster,Barley,192109,621,187,0.2656,1,0.1342,0.0357,0.0357,
10Sep0047,SMBuildingMaster,Barley,193124,612,188,0.2695,1,0.1342,0.0357,0.0357,
10Sep0047,SMBuildingMaster,Barley,193126,614,188,0.2734,1,0.1342,0.0357,0.0357,
10Sep0047,SMBuildingMaster,Barley,193127,615,188,0.2695,1,0.1342,0.0357,0.0357,
10Sep0047,SMBuildingMaster,Barley,193129,617,188,0.2734,1,0.1342,0.0357,0.0357,
10Sep0047,SMBuildingMaster,Barley,193131,619,188,0.2734,1,0.1342,0.0357,0.0357,
10Sep0047,SMBuildingMaster,Barley,193133,621,188,0.2695,1,0.1342,0.0357,0.0357,
10Sep0047,SMBuildingMaster,Barley,194148,612,189,0.2695,1,0.1342,0.0357,0.0357,
10Sep0047,SMBuildingMaster,Barley,194150,614,189,0.2734,1,0.1342,0.0357,0.0357,
10Sep0047,SMBuildingMaster,Barley,194151,615,189,0.2734,1,0.1342,0.0357,0.0357,
10Sep0047,SMBuildingMaster,Barley,194153,617,189,0.2734,1,0.1342,0.0357,0.0357,
10Sep0047,SMBuildingMaster,Barley,194155,619,189,0.2734,1,0.1342,0.0357,0.0357,
10Sep0047,SMBuildingMaster,Barley,194157,621,189,0.2734,1,0.1342,0.0357,0.0357,
10Sep0047,SMBuildingMaster,Barley,195172,612,190,0.2734,1,0.1342,0.0357,0.0357,
10Sep0047,SMBuildingMaster,Barley,195174,614,190,0.2773,1,0.1342,0.0357,0.0357,
10Sep0047,SMBuildingMaster,Barley,195175,615,190,0.2773,1,0.1342,0.0357,0.0357,
10Sep0047,SMBuildingMaster,Barley,195177,617,190,0.2773,1,0.1342,0.0357,0.0357,
10Sep0047,SMBuildingMaster,Barley,195179,619,190,0.2773,1,0.1342,0.0357,0.0357,
10Sep0047,SMBuildingMaster,Barley,195181,621,190,0.2734,1,0.1342,0.0357,0.0357,
10Sep0047,SMBuildingMaster,Barley,196196,612,191,0,2,0.1342,0.0357,0.0357,
10Sep0047,SMBuildingMaster,Barley,196198,614,191,0,2,0.1342,0.0357,0.0357,
10Sep0047,SMBuildingMaster,Barley,196199,615,191,0,2,0.1342,0.0357,0.0357,
10Sep0047,SMBuildingMaster,Barley,196201,617,191,0,2,0.1342,0.0357,0.0357,
10Sep0047,SMBuildingMaster,Barley,196203,619,191,0,2,0.1342,0.0357,0.0357,
10Sep0047,SMBuildingMaster,Barley,196205,621,191,0,2,0.1342,0.0357,0.0357,
01Sep0048,SMBuildingMaster,Barley,186980,612,182,0,2,0.0202,1,1,1
01Sep0048,SMBuildingMaster,Barley,186982,614,182,0,2,0.0202,1,1,1
01Sep0048,SMBuildingMaster,Barley,186983,615,182,0,2,0.0202,1,1,1
01Sep0048,SMBuildingMaster,Barley,186985,617,182,0,2,0.0202,1,1,1
01Sep0048,SMBuildingMaster,Barley,186987,619,182,0,2,0.0202,1,1,1
01Sep0048,SMBuildingMaster,Barley,186989,621,182,0,2,0.0202,1,1,1
01Sep0048,SMBuildingMaster,Barley,188004,612,183,0.0297,1,0.0202,1,1,1
01Sep0048,SMBuildingMaster,Barley,188006,614,183,0.0336,1,0.0202,1,1,1
01Sep0048,SMBuildingMaster,Barley,188007,615,183,0.0336,1,0.0202,1,1,1
01Sep0048,SMBuildingMaster,Barley,188009,617,183,0.0376,1,0.0202,1,1,1
01Sep0048,SMBuildingMaster,Barley,188011,619,183,0.0376,1,0.0202,1,1,1
01Sep0048,SMBuildingMaster,Barley,188013,621,183,0.0336,1,0.0202,1,1,1
01Sep0048,SMBuildingMaster,Barley,189028,612,184,0.0336,1,0.0202,1,1,1
01Sep0048,SMBuildingMaster,Barley,189030,614,184,0.0376,1,0.0202,1,1,1
01Sep0048,SMBuildingMaster,Barley,189031,615,184,0.0376,1,0.0202,1,1,1
01Sep0048,SMBuildingMaster,Barley,189033,617,184,0.0376,1,0.0202,1,1,1
01Sep0048,SMBuildingMaster,Barley,189035,619,184,0.0376,1,0.0202,1,1,1
01Sep0048,SMBuildingMaster,Barley,189037,621,184,0.0336,1,0.0202,1,1,1
01Sep0048,SMBuildingMaster,Barley,190052,612,185,0.0336,1,0.0202,1,1,1
01Sep0048,SMBuildingMaster,Barley,190054,614,185,0.0376,1,0.0202,1,1,1
01Sep0048,SMBuildingMaster,Barley,190055,615,185,0.0376,1,0.0202,1,1,1
01Sep0048,SMBuildingMaster,Barley,190057,617,185,0.0376,1,0.0202,1,1,1
01Sep0048,SMBuildingMaster,Barley,190059,619,185,0.0376,1,0.0202,1,1,1
01Sep0048,SMBuildingMaster,Barley,190061,621,185,0.0336,1,0.0202,1,1,1
01Sep0048,SMBuildingMaster,Barley,191076,612,186,0,3,0.0202,1,1,1
01Sep0048,SMBuildingMaster,Barley,191078,614,186,0,3,0.0202,1,1,1
01Sep0048,SMBuildingMaster,Barley,191079,615,186,0,3,0.0202,1,1,1
01Sep0048,SMBuildingMaster,Barley,191081,617,186,0,3,0.0202,1,1,1
01Sep0048,SMBuildingMaster,Barley,191083,619,186,0,3,0.0202,1,1,1
01Sep0048,SMBuildingMaster,Barley,191085,621,186,0,3,0.0202,1,1,1
01Sep0048,SMBuildingMaster,Barley,192100,612,187,0.0376,1,0.0202,1,1,1
01Sep0048,SMBuildingMaster,Barley,192102,614,187,0.0415,1,0.0202,1,1,1
01Sep0048,SMBuildingMaster,Barley,192103,615,187,0.0415,1,0.0202,1,1,1
01Sep0048,SMBuildingMaster,Barley,192105,617,187,0.0415,1,0.0202,1,1,1
01Sep0048,SMBuildingMaster,Barley,192107,619,187,0.0415,1,0.0202,1,1,1
01Sep0048,SMBuildingMaster,Barley,192109,621,187,0.0376,1,0.0202,1,1,1
01Sep0048,SMBuildingMaster,Barley,193124,612,188,0.0415,1,0.0202,1,1,1
01Sep0048,SMBuildingMaster,Barley,193126,614,188,0.0454,1,0.0202,1,1,1
01Sep0048,SMBuildingMaster,Barley,193127,615,188,0.0415,1,0.0202,1,1,1
01Sep0048,SMBuildingMaster,Barley,193129,617,188,0.0454,1,0.0202,1,1,1
01Sep0048,SMBuildingMaster,Barley,193131,619,188,0.0454,1,0.0202,1,1,1
01Sep0048,SMBuildingMaster,Barley,193133,621,188,0.0415,1,0.0202,1,1,1
01Sep0048,SMBuildingMaster,Barley,194148,612,189,0.0415,1,0.0202,1,1,1
01Sep0048,SMBuildingMaster,Barley,194150,614,189,0.0454,1,0.0202,1,1,1
01Sep0048,SMBuildingMaster,Barley,194151,615,189,0.0454,1,0.0202,1,1,1
01Sep0048,SMBuildingMaster,Barley,194153,617,189,0.0454,1,0.0202,1,1,1
01Sep0048,SMBuildingMaster,Barley,194155,619,189,0.0454,1,0.0202,1,1,1
01Sep0048,SMBuildingMaster,Barley,194157,621,189,0.0454,1,0.0202,1,1,1
01Sep0048,SMBuildingMaster,Barley,195172,612,190,0.0454,1,0.0202,1,1,1
01Sep0048,SMBuildingMaster,Barley,195174,614,190,0.0493,1,0.0202,1,1,1
01Sep0048,SMBuildingMaster,Barley,195175,615,190,0.0493,1,0.0202,1,1,1
01Sep0048,SMBuildingMaster,Barley,195177,617,190,0.0493,1,0.0202,1,1,1
01Sep0048,SMBuildingMaster,Barley,195179,619,190,0.0493,1,0.0202,1,1,1
01Sep0048,SMBuildingMaster,Barley,195181,621,190,0.0454,1,0.0202,1,1,1
01Sep0048,SMBuildingMaster,Barley,196196,612,191,0,2,0.0202,1,1,1
01Sep0048,SMBuildingMaster,Barley,196198,614,191,0,2,0.0202,1,1,1
01Sep0048,SMBuildingMaster,Barley,196199,615,191,0,2,0.0202,1,1,1
01Sep0048,SMBuildingMaster,Barley,196201,617,191,0,2,0.0202,1,1,1
01Sep0048,SMBuildingMaster,Barley,196203,619,191,0,2,0.0202,1,1,1
01Sep0048,SMBuildingMaster,Barley,196205,621,191,0,2,0.0202,1,1,1
