Date,Building,CropType,GridID,X,Y,GridFert_Flax,NumPlantsInGrid,FieldFert_Flax,FieldSowPerc,FieldGrowthPerc,FieldYieldReady
25Oct0039,SMBuildingMaster,Flax,186980,612,182,0.8549,2,0.8609,0,0,
25Oct0039,SMBuildingMaster,Flax,186982,614,182,0.8549,2,0.8609,0,0,
25Oct0039,SMBuildingMaster,Flax,186983,615,182,0.8549,2,0.8609,0,0,
25Oct0039,SMBuildingMaster,Flax,186985,617,182,0.851,2,0.8609,0,0,
25Oct0039,SMBuildingMaster,Flax,186987,619,182,0.8471,2,0.8609,0,0,
25Oct0039,SMBuildingMaster,Flax,186989,621,182,0.8431,2,0.8609,0,0,
25Oct0039,SMBuildingMaster,Flax,188004,612,183,0.8549,1,0.8609,0,0,
25Oct0039,SMBuildingMaster,Flax,188006,614,183,0.8549,1,0.8609,0,0,
25Oct0039,SMBuildingMaster,Flax,188007,615,183,0.8549,1,0.8609,0,0,
25Oct0039,SMBuildingMaster,Flax,188009,617,183,0.8549,1,0.8609,0,0,
25Oct0039,SMBuildingMaster,Flax,188011,619,183,0.851,1,0.8609,0,0,
25Oct0039,SMBuildingMaster,Flax,188013,621,183,0.8471,1,0.8609,0,0,
25Oct0039,SMBuildingMaster,Flax,189028,612,184,0.8627,1,0.8609,0,0,
25Oct0039,SMBuildingMaster,Flax,189030,614,184,0.8588,1,0.8609,0,0,
25Oct0039,SMBuildingMaster,Flax,189031,615,184,0.8588,1,0.8609,0,0,
25Oct0039,SMBuildingMaster,Flax,189033,617,184,0.8549,1,0.8609,0,0,
25Oct0039,SMBuildingMaster,Flax,189035,619,184,0.8549,1,0.8609,0,0,
25Oct0039,SMBuildingMaster,Flax,189037,621,184,0.8471,1,0.8609,0,0,
25Oct0039,SMBuildingMaster,Flax,190052,612,185,0.8627,1,0.8609,0,0,
25Oct0039,SMBuildingMaster,Flax,190054,614,185,0.8627,1,0.8609,0,0,
25Oct0039,SMBuildingMaster,Flax,190055,615,185,0.8627,1,0.8609,0,0,
25Oct0039,SMBuildingMaster,Flax,190057,617,185,0.8588,1,0.8609,0,0,
25Oct0039,SMBuildingMaster,Flax,190059,619,185,0.8549,1,0.8609,0,0,
25Oct0039,SMBuildingMaster,Flax,190061,621,185,0.851,1,0.8609,0,0,
25Oct0039,SMBuildingMaster,Flax,191076,612,186,0.8667,3,0.8609,0,0,
25Oct0039,SMBuildingMaster,Flax,191078,614,186,0.8667,3,0.8609,0,0,
25Oct0039,SMBuildingMaster,Flax,191079,615,186,0.8627,3,0.8609,0,0,
25Oct0039,SMBuildingMaster,Flax,191081,617,186,0.8627,3,0.8609,0,0,
25Oct0039,SMBuildingMaster,Flax,191083,619,186,0.8588,3,0.8609,0,0,
25Oct0039,SMBuildingMaster,Flax,191085,621,186,0.8549,3,0.8609,0,0,
25Oct0039,SMBuildingMaster,Flax,192100,612,187,0.8667,1,0.8609,0,0,
25Oct0039,SMBuildingMaster,Flax,192102,614,187,0.8667,1,0.8609,0,0,
25Oct0039,SMBuildingMaster,Flax,192103,615,187,0.8667,1,0.8609,0,0,
25Oct0039,SMBuildingMaster,Flax,192105,617,187,0.8627,1,0.8609,0,0,
25Oct0039,SMBuildingMaster,Flax,192107,619,187,0.8627,1,0.8609,0,0,
25Oct0039,SMBuildingMaster,Flax,192109,621,187,0.8549,1,0.8609,0,0,
25Oct0039,SMBuildingMaster,Flax,193124,612,188,0.8706,1,0.8609,0,0,
25Oct0039,SMBuildingMaster,Flax,193126,614,188,0.8667,1,0.8609,0,0,
25Oct0039,SMBuildingMaster,Flax,193127,615,188,0.8667,1,0.8609,0,0,
25Oct0039,SMBuildingMaster,Flax,193129,617,188,0.8667,1,0.8609,0,0,
25Oct0039,SMBuildingMaster,Flax,193131,619,188,0.8627,1,0.8609,0,0,
25Oct0039,SMBuildingMaster,Flax,193133,621,188,0.8588,1,0.8609,0,0,
25Oct0039,SMBuildingMaster,Flax,194148,612,189,0.8706,1,0.8609,0,0,
25Oct0039,SMBuildingMaster,Flax,194150,614,189,0.8667,1,0.8609,0,0,
25Oct0039,SMBuildingMaster,Flax,194151,615,189,0.8667,1,0.8609,0,0,
25Oct0039,SMBuildingMaster,Flax,194153,617,189,0.8627,1,0.8609,0,0,
25Oct0039,SMBuildingMaster,Flax,194155,619,189,0.8667,1,0.8609,0,0,
25Oct0039,SMBuildingMaster,Flax,194157,621,189,0.8627,1,0.8609,0,0,
25Oct0039,SMBuildingMaster,Flax,195172,612,190,0.8706,1,0.8609,0,0,
25Oct0039,SMBuildingMaster,Flax,195174,614,190,0.8706,1,0.8609,0,0,
25Oct0039,SMBuildingMaster,Flax,195175,615,190,0.8706,1,0.8609,0,0,
25Oct0039,SMBuildingMaster,Flax,195177,617,190,0.8667,1,0.8609,0,0,
25Oct0039,SMBuildingMaster,Flax,195179,619,190,0.8627,1,0.8609,0,0,
25Oct0039,SMBuildingMaster,Flax,195181,621,190,0.8627,1,0.8609,0,0,
25Oct0039,SMBuildingMaster,Flax,196196,612,191,0.8745,2,0.8609,0,0,
25Oct0039,SMBuildingMaster,Flax,196198,614,191,0.8706,2,0.8609,0,0,
25Oct0039,SMBuildingMaster,Flax,196199,615,191,0.8667,2,0.8609,0,0,
25Oct0039,SMBuildingMaster,Flax,196201,617,191,0.8667,2,0.8609,0,0,
25Oct0039,SMBuildingMaster,Flax,196203,619,191,0.8627,2,0.8609,0,0,
25Oct0039,SMBuildingMaster,Flax,196205,621,191,0.8627,2,0.8609,0,0,
01Sep0040,SMBuildingMaster,Flax,186980,612,182,0.3989,2,0.4701,1,1,28
01Sep0040,SMBuildingMaster,Flax,186982,614,182,0.3989,2,0.4701,1,1,28
01Sep0040,SMBuildingMaster,Flax,186983,615,182,0.3989,2,0.4701,1,1,28
01Sep0040,SMBuildingMaster,Flax,186985,617,182,0.395,2,0.4701,1,1,28
01Sep0040,SMBuildingMaster,Flax,186987,619,182,0.3911,2,0.4701,1,1,28
01Sep0040,SMBuildingMaster,Flax,186989,621,182,0.3871,2,0.4701,1,1,28
01Sep0040,SMBuildingMaster,Flax,188004,612,183,0.6269,1,0.4701,1,1,28
01Sep0040,SMBuildingMaster,Flax,188006,614,183,0.6269,1,0.4701,1,1,28
01Sep0040,SMBuildingMaster,Flax,188007,615,183,0.6269,1,0.4701,1,1,28
01Sep0040,SMBuildingMaster,Flax,188009,617,183,0.6269,1,0.4701,1,1,28
01Sep0040,SMBuildingMaster,Flax,188011,619,183,0.623,1,0.4701,1,1,28
01Sep0040,SMBuildingMaster,Flax,188013,621,183,0.6191,1,0.4701,1,1,28
01Sep0040,SMBuildingMaster,Flax,189028,612,184,0.6347,1,0.4701,1,1,28
01Sep0040,SMBuildingMaster,Flax,189030,614,184,0.6308,1,0.4701,1,1,28
01Sep0040,SMBuildingMaster,Flax,189031,615,184,0.6308,1,0.4701,1,1,28
01Sep0040,SMBuildingMaster,Flax,189033,617,184,0.6269,1,0.4701,1,1,28
01Sep0040,SMBuildingMaster,Flax,189035,619,184,0.6269,1,0.4701,1,1,28
01Sep0040,SMBuildingMaster,Flax,189037,621,184,0.6191,1,0.4701,1,1,28
01Sep0040,SMBuildingMaster,Flax,190052,612,185,0.6347,1,0.4701,1,1,28
01Sep0040,SMBuildingMaster,Flax,190054,614,185,0.6347,1,0.4701,1,1,28
01Sep0040,SMBuildingMaster,Flax,190055,615,185,0.6347,1,0.4701,1,1,28
01Sep0040,SMBuildingMaster,Flax,190057,617,185,0.6308,1,0.4701,1,1,28
01Sep0040,SMBuildingMaster,Flax,190059,619,185,0.6269,1,0.4701,1,1,28
01Sep0040,SMBuildingMaster,Flax,190061,621,185,0.623,1,0.4701,1,1,28
01Sep0040,SMBuildingMaster,Flax,191076,612,186,0.1827,3,0.4701,1,1,28
01Sep0040,SMBuildingMaster,Flax,191078,614,186,0.1827,3,0.4701,1,1,28
01Sep0040,SMBuildingMaster,Flax,191079,615,186,0.1787,3,0.4701,1,1,28
01Sep0040,SMBuildingMaster,Flax,191081,617,186,0.1787,3,0.4701,1,1,28
01Sep0040,SMBuildingMaster,Flax,191083,619,186,0.1748,3,0.4701,1,1,28
01Sep0040,SMBuildingMaster,Flax,191085,621,186,0.1709,3,0.4701,1,1,28
01Sep0040,SMBuildingMaster,Flax,192100,612,187,0.6387,1,0.4701,1,1,28
01Sep0040,SMBuildingMaster,Flax,192102,614,187,0.6387,1,0.4701,1,1,28
01Sep0040,SMBuildingMaster,Flax,192103,615,187,0.6387,1,0.4701,1,1,28
01Sep0040,SMBuildingMaster,Flax,192105,617,187,0.6347,1,0.4701,1,1,28
01Sep0040,SMBuildingMaster,Flax,192107,619,187,0.6347,1,0.4701,1,1,28
01Sep0040,SMBuildingMaster,Flax,192109,621,187,0.6269,1,0.4701,1,1,28
01Sep0040,SMBuildingMaster,Flax,193124,612,188,0.6426,1,0.4701,1,1,28
01Sep0040,SMBuildingMaster,Flax,193126,614,188,0.6387,1,0.4701,1,1,28
01Sep0040,SMBuildingMaster,Flax,193127,615,188,0.6387,1,0.4701,1,1,28
01Sep0040,SMBuildingMaster,Flax,193129,617,188,0.6387,1,0.4701,1,1,28
01Sep0040,SMBuildingMaster,Flax,193131,619,188,0.6347,1,0.4701,1,1,28
01Sep0040,SMBuildingMaster,Flax,193133,621,188,0.6308,1,0.4701,1,1,28
01Sep0040,SMBuildingMaster,Flax,194148,612,189,0.6426,1,0.4701,1,1,28
01Sep0040,SMBuildingMaster,Flax,194150,614,189,0.6387,1,0.4701,1,1,28
01Sep0040,SMBuildingMaster,Flax,194151,615,189,0.6387,1,0.4701,1,1,28
01Sep0040,SMBuildingMaster,Flax,194153,617,189,0.6347,1,0.4701,1,1,28
01Sep0040,SMBuildingMaster,Flax,194155,619,189,0.6387,1,0.4701,1,1,28
01Sep0040,SMBuildingMaster,Flax,194157,621,189,0.6347,1,0.4701,1,1,28
01Sep0040,SMBuildingMaster,Flax,195172,612,190,0.6426,1,0.4701,1,1,28
01Sep0040,SMBuildingMaster,Flax,195174,614,190,0.6426,1,0.4701,1,1,28
01Sep0040,SMBuildingMaster,Flax,195175,615,190,0.6426,1,0.4701,1,1,28
01Sep0040,SMBuildingMaster,Flax,195177,617,190,0.6387,1,0.4701,1,1,28
01Sep0040,SMBuildingMaster,Flax,195179,619,190,0.6347,1,0.4701,1,1,28
01Sep0040,SMBuildingMaster,Flax,195181,621,190,0.6347,1,0.4701,1,1,28
01Sep0040,SMBuildingMaster,Flax,196196,612,191,0.4185,2,0.4701,1,1,28
01Sep0040,SMBuildingMaster,Flax,196198,614,191,0.4146,2,0.4701,1,1,28
01Sep0040,SMBuildingMaster,Flax,196199,615,191,0.4107,2,0.4701,1,1,28
01Sep0040,SMBuildingMaster,Flax,196201,617,191,0.4107,2,0.4701,1,1,28
01Sep0040,SMBuildingMaster,Flax,196203,619,191,0.4067,2,0.4701,1,1,28
01Sep0040,SMBuildingMaster,Flax,196205,621,191,0.4067,2,0.4701,1,1,28
25Oct0040,SMBuildingMaster,Flax,186980,612,182,0.3989,2,0.4701,0,0,
25Oct0040,SMBuildingMaster,Flax,186982,614,182,0.3989,2,0.4701,0,0,
25Oct0040,SMBuildingMaster,Flax,186983,615,182,0.3989,2,0.4701,0,0,
25Oct0040,SMBuildingMaster,Flax,186985,617,182,0.395,2,0.4701,0,0,
25Oct0040,SMBuildingMaster,Flax,186987,619,182,0.3911,2,0.4701,0,0,
25Oct0040,SMBuildingMaster,Flax,186989,621,182,0.3871,2,0.4701,0,0,
25Oct0040,SMBuildingMaster,Flax,188004,612,183,0.6269,1,0.4701,0,0,
25Oct0040,SMBuildingMaster,Flax,188006,614,183,0.6269,1,0.4701,0,0,
25Oct0040,SMBuildingMaster,Flax,188007,615,183,0.6269,1,0.4701,0,0,
25Oct0040,SMBuildingMaster,Flax,188009,617,183,0.6269,1,0.4701,0,0,
25Oct0040,SMBuildingMaster,Flax,188011,619,183,0.623,1,0.4701,0,0,
25Oct0040,SMBuildingMaster,Flax,188013,621,183,0.6191,1,0.4701,0,0,
25Oct0040,SMBuildingMaster,Flax,189028,612,184,0.6347,1,0.4701,0,0,
25Oct0040,SMBuildingMaster,Flax,189030,614,184,0.6308,1,0.4701,0,0,
25Oct0040,SMBuildingMaster,Flax,189031,615,184,0.6308,1,0.4701,0,0,
25Oct0040,SMBuildingMaster,Flax,189033,617,184,0.6269,1,0.4701,0,0,
25Oct0040,SMBuildingMaster,Flax,189035,619,184,0.6269,1,0.4701,0,0,
25Oct0040,SMBuildingMaster,Flax,189037,621,184,0.6191,1,0.4701,0,0,
25Oct0040,SMBuildingMaster,Flax,190052,612,185,0.6347,1,0.4701,0,0,
25Oct0040,SMBuildingMaster,Flax,190054,614,185,0.6347,1,0.4701,0,0,
25Oct0040,SMBuildingMaster,Flax,190055,615,185,0.6347,1,0.4701,0,0,
25Oct0040,SMBuildingMaster,Flax,190057,617,185,0.6308,1,0.4701,0,0,
25Oct0040,SMBuildingMaster,Flax,190059,619,185,0.6269,1,0.4701,0,0,
25Oct0040,SMBuildingMaster,Flax,190061,621,185,0.623,1,0.4701,0,0,
25Oct0040,SMBuildingMaster,Flax,191076,612,186,0.1827,3,0.4701,0,0,
25Oct0040,SMBuildingMaster,Flax,191078,614,186,0.1827,3,0.4701,0,0,
25Oct0040,SMBuildingMaster,Flax,191079,615,186,0.1787,3,0.4701,0,0,
25Oct0040,SMBuildingMaster,Flax,191081,617,186,0.1787,3,0.4701,0,0,
25Oct0040,SMBuildingMaster,Flax,191083,619,186,0.1748,3,0.4701,0,0,
25Oct0040,SMBuildingMaster,Flax,191085,621,186,0.1709,3,0.4701,0,0,
25Oct0040,SMBuildingMaster,Flax,192100,612,187,0.6387,1,0.4701,0,0,
25Oct0040,SMBuildingMaster,Flax,192102,614,187,0.6387,1,0.4701,0,0,
25Oct0040,SMBuildingMaster,Flax,192103,615,187,0.6387,1,0.4701,0,0,
25Oct0040,SMBuildingMaster,Flax,192105,617,187,0.6347,1,0.4701,0,0,
25Oct0040,SMBuildingMaster,Flax,192107,619,187,0.6347,1,0.4701,0,0,
25Oct0040,SMBuildingMaster,Flax,192109,621,187,0.6269,1,0.4701,0,0,
25Oct0040,SMBuildingMaster,Flax,193124,612,188,0.6426,1,0.4701,0,0,
25Oct0040,SMBuildingMaster,Flax,193126,614,188,0.6387,1,0.4701,0,0,
25Oct0040,SMBuildingMaster,Flax,193127,615,188,0.6387,1,0.4701,0,0,
25Oct0040,SMBuildingMaster,Flax,193129,617,188,0.6387,1,0.4701,0,0,
25Oct0040,SMBuildingMaster,Flax,193131,619,188,0.6347,1,0.4701,0,0,
25Oct0040,SMBuildingMaster,Flax,193133,621,188,0.6308,1,0.4701,0,0,
25Oct0040,SMBuildingMaster,Flax,194148,612,189,0.6426,1,0.4701,0,0,
25Oct0040,SMBuildingMaster,Flax,194150,614,189,0.6387,1,0.4701,0,0,
25Oct0040,SMBuildingMaster,Flax,194151,615,189,0.6387,1,0.4701,0,0,
25Oct0040,SMBuildingMaster,Flax,194153,617,189,0.6347,1,0.4701,0,0,
25Oct0040,SMBuildingMaster,Flax,194155,619,189,0.6387,1,0.4701,0,0,
25Oct0040,SMBuildingMaster,Flax,194157,621,189,0.6347,1,0.4701,0,0,
25Oct0040,SMBuildingMaster,Flax,195172,612,190,0.6426,1,0.4701,0,0,
25Oct0040,SMBuildingMaster,Flax,195174,614,190,0.6426,1,0.4701,0,0,
25Oct0040,SMBuildingMaster,Flax,195175,615,190,0.6426,1,0.4701,0,0,
25Oct0040,SMBuildingMaster,Flax,195177,617,190,0.6387,1,0.4701,0,0,
25Oct0040,SMBuildingMaster,Flax,195179,619,190,0.6347,1,0.4701,0,0,
25Oct0040,SMBuildingMaster,Flax,195181,621,190,0.6347,1,0.4701,0,0,
25Oct0040,SMBuildingMaster,Flax,196196,612,191,0.4185,2,0.4701,0,0,
25Oct0040,SMBuildingMaster,Flax,196198,614,191,0.4146,2,0.4701,0,0,
25Oct0040,SMBuildingMaster,Flax,196199,615,191,0.4107,2,0.4701,0,0,
25Oct0040,SMBuildingMaster,Flax,196201,617,191,0.4107,2,0.4701,0,0,
25Oct0040,SMBuildingMaster,Flax,196203,619,191,0.4067,2,0.4701,0,0,
25Oct0040,SMBuildingMaster,Flax,196205,621,191,0.4067,2,0.4701,0,0,
01Sep0041,SMBuildingMaster,Flax,186980,612,182,0,2,0.2027,1,1,13
01Sep0041,SMBuildingMaster,Flax,186982,614,182,0,2,0.2027,1,1,13
01Sep0041,SMBuildingMaster,Flax,186983,615,182,0,2,0.2027,1,1,13
01Sep0041,SMBuildingMaster,Flax,186985,617,182,0,2,0.2027,1,1,13
01Sep0041,SMBuildingMaster,Flax,186987,619,182,0,2,0.2027,1,1,13
01Sep0041,SMBuildingMaster,Flax,186989,621,182,0,2,0.2027,1,1,13
01Sep0041,SMBuildingMaster,Flax,188004,612,183,0.3989,1,0.2027,1,1,13
01Sep0041,SMBuildingMaster,Flax,188006,614,183,0.3989,1,0.2027,1,1,13
01Sep0041,SMBuildingMaster,Flax,188007,615,183,0.3989,1,0.2027,1,1,13
01Sep0041,SMBuildingMaster,Flax,188009,617,183,0.3989,1,0.2027,1,1,13
01Sep0041,SMBuildingMaster,Flax,188011,619,183,0.395,1,0.2027,1,1,13
01Sep0041,SMBuildingMaster,Flax,188013,621,183,0.3911,1,0.2027,1,1,13
01Sep0041,SMBuildingMaster,Flax,189028,612,184,0.4067,1,0.2027,1,1,13
01Sep0041,SMBuildingMaster,Flax,189030,614,184,0.4028,1,0.2027,1,1,13
01Sep0041,SMBuildingMaster,Flax,189031,615,184,0.4028,1,0.2027,1,1,13
01Sep0041,SMBuildingMaster,Flax,189033,617,184,0.3989,1,0.2027,1,1,13
01Sep0041,SMBuildingMaster,Flax,189035,619,184,0.3989,1,0.2027,1,1,13
01Sep0041,SMBuildingMaster,Flax,189037,621,184,0.3911,1,0.2027,1,1,13
01Sep0041,SMBuildingMaster,Flax,190052,612,185,0.4067,1,0.2027,1,1,13
01Sep0041,SMBuildingMaster,Flax,190054,614,185,0.4067,1,0.2027,1,1,13
01Sep0041,SMBuildingMaster,Flax,190055,615,185,0.4067,1,0.2027,1,1,13
01Sep0041,SMBuildingMaster,Flax,190057,617,185,0.4028,1,0.2027,1,1,13
01Sep0041,SMBuildingMaster,Flax,190059,619,185,0.3989,1,0.2027,1,1,13
01Sep0041,SMBuildingMaster,Flax,190061,621,185,0.395,1,0.2027,1,1,13
01Sep0041,SMBuildingMaster,Flax,191076,612,186,0,3,0.2027,1,1,13
01Sep0041,SMBuildingMaster,Flax,191078,614,186,0,3,0.2027,1,1,13
01Sep0041,SMBuildingMaster,Flax,191079,615,186,0,3,0.2027,1,1,13
01Sep0041,SMBuildingMaster,Flax,191081,617,186,0,3,0.2027,1,1,13
01Sep0041,SMBuildingMaster,Flax,191083,619,186,0,3,0.2027,1,1,13
01Sep0041,SMBuildingMaster,Flax,191085,621,186,0,3,0.2027,1,1,13
01Sep0041,SMBuildingMaster,Flax,192100,612,187,0.4107,1,0.2027,1,1,13
01Sep0041,SMBuildingMaster,Flax,192102,614,187,0.4107,1,0.2027,1,1,13
01Sep0041,SMBuildingMaster,Flax,192103,615,187,0.4107,1,0.2027,1,1,13
01Sep0041,SMBuildingMaster,Flax,192105,617,187,0.4067,1,0.2027,1,1,13
01Sep0041,SMBuildingMaster,Flax,192107,619,187,0.4067,1,0.2027,1,1,13
01Sep0041,SMBuildingMaster,Flax,192109,621,187,0.3989,1,0.2027,1,1,13
01Sep0041,SMBuildingMaster,Flax,193124,612,188,0.4146,1,0.2027,1,1,13
01Sep0041,SMBuildingMaster,Flax,193126,614,188,0.4107,1,0.2027,1,1,13
01Sep0041,SMBuildingMaster,Flax,193127,615,188,0.4107,1,0.2027,1,1,13
01Sep0041,SMBuildingMaster,Flax,193129,617,188,0.4107,1,0.2027,1,1,13
01Sep0041,SMBuildingMaster,Flax,193131,619,188,0.4067,1,0.2027,1,1,13
01Sep0041,SMBuildingMaster,Flax,193133,621,188,0.4028,1,0.2027,1,1,13
01Sep0041,SMBuildingMaster,Flax,194148,612,189,0.4146,1,0.2027,1,1,13
01Sep0041,SMBuildingMaster,Flax,194150,614,189,0.4107,1,0.2027,1,1,13
01Sep0041,SMBuildingMaster,Flax,194151,615,189,0.4107,1,0.2027,1,1,13
01Sep0041,SMBuildingMaster,Flax,194153,617,189,0.4067,1,0.2027,1,1,13
01Sep0041,SMBuildingMaster,Flax,194155,619,189,0.4107,1,0.2027,1,1,13
01Sep0041,SMBuildingMaster,Flax,194157,621,189,0.4067,1,0.2027,1,1,13
01Sep0041,SMBuildingMaster,Flax,195172,612,190,0.4146,1,0.2027,1,1,13
01Sep0041,SMBuildingMaster,Flax,195174,614,190,0.4146,1,0.2027,1,1,13
01Sep0041,SMBuildingMaster,Flax,195175,615,190,0.4146,1,0.2027,1,1,13
01Sep0041,SMBuildingMaster,Flax,195177,617,190,0.4107,1,0.2027,1,1,13
01Sep0041,SMBuildingMaster,Flax,195179,619,190,0.4067,1,0.2027,1,1,13
01Sep0041,SMBuildingMaster,Flax,195181,621,190,0.4067,1,0.2027,1,1,13
01Sep0041,SMBuildingMaster,Flax,196196,612,191,0,2,0.2027,1,1,13
01Sep0041,SMBuildingMaster,Flax,196198,614,191,0,2,0.2027,1,1,13
01Sep0041,SMBuildingMaster,Flax,196199,615,191,0,2,0.2027,1,1,13
01Sep0041,SMBuildingMaster,Flax,196201,617,191,0,2,0.2027,1,1,13
01Sep0041,SMBuildingMaster,Flax,196203,619,191,0,2,0.2027,1,1,13
01Sep0041,SMBuildingMaster,Flax,196205,621,191,0,2,0.2027,1,1,13
25Oct0041,SMBuildingMaster,Flax,186980,612,182,0,2,0.2027,0,0,
25Oct0041,SMBuildingMaster,Flax,186982,614,182,0,2,0.2027,0,0,
25Oct0041,SMBuildingMaster,Flax,186983,615,182,0,2,0.2027,0,0,
25Oct0041,SMBuildingMaster,Flax,186985,617,182,0,2,0.2027,0,0,
25Oct0041,SMBuildingMaster,Flax,186987,619,182,0,2,0.2027,0,0,
25Oct0041,SMBuildingMaster,Flax,186989,621,182,0,2,0.2027,0,0,
25Oct0041,SMBuildingMaster,Flax,188004,612,183,0.3989,1,0.2027,0,0,
25Oct0041,SMBuildingMaster,Flax,188006,614,183,0.3989,1,0.2027,0,0,
25Oct0041,SMBuildingMaster,Flax,188007,615,183,0.3989,1,0.2027,0,0,
25Oct0041,SMBuildingMaster,Flax,188009,617,183,0.3989,1,0.2027,0,0,
25Oct0041,SMBuildingMaster,Flax,188011,619,183,0.395,1,0.2027,0,0,
25Oct0041,SMBuildingMaster,Flax,188013,621,183,0.3911,1,0.2027,0,0,
25Oct0041,SMBuildingMaster,Flax,189028,612,184,0.4067,1,0.2027,0,0,
25Oct0041,SMBuildingMaster,Flax,189030,614,184,0.4028,1,0.2027,0,0,
25Oct0041,SMBuildingMaster,Flax,189031,615,184,0.4028,1,0.2027,0,0,
25Oct0041,SMBuildingMaster,Flax,189033,617,184,0.3989,1,0.2027,0,0,
25Oct0041,SMBuildingMaster,Flax,189035,619,184,0.3989,1,0.2027,0,0,
25Oct0041,SMBuildingMaster,Flax,189037,621,184,0.3911,1,0.2027,0,0,
25Oct0041,SMBuildingMaster,Flax,190052,612,185,0.4067,1,0.2027,0,0,
25Oct0041,SMBuildingMaster,Flax,190054,614,185,0.4067,1,0.2027,0,0,
25Oct0041,SMBuildingMaster,Flax,190055,615,185,0.4067,1,0.2027,0,0,
25Oct0041,SMBuildingMaster,Flax,190057,617,185,0.4028,1,0.2027,0,0,
25Oct0041,SMBuildingMaster,Flax,190059,619,185,0.3989,1,0.2027,0,0,
25Oct0041,SMBuildingMaster,Flax,190061,621,185,0.395,1,0.2027,0,0,
25Oct0041,SMBuildingMaster,Flax,191076,612,186,0,3,0.2027,0,0,
25Oct0041,SMBuildingMaster,Flax,191078,614,186,0,3,0.2027,0,0,
25Oct0041,SMBuildingMaster,Flax,191079,615,186,0,3,0.2027,0,0,
25Oct0041,SMBuildingMaster,Flax,191081,617,186,0,3,0.2027,0,0,
25Oct0041,SMBuildingMaster,Flax,191083,619,186,0,3,0.2027,0,0,
25Oct0041,SMBuildingMaster,Flax,191085,621,186,0,3,0.2027,0,0,
25Oct0041,SMBuildingMaster,Flax,192100,612,187,0.4107,1,0.2027,0,0,
25Oct0041,SMBuildingMaster,Flax,192102,614,187,0.4107,1,0.2027,0,0,
25Oct0041,SMBuildingMaster,Flax,192103,615,187,0.4107,1,0.2027,0,0,
25Oct0041,SMBuildingMaster,Flax,192105,617,187,0.4067,1,0.2027,0,0,
25Oct0041,SMBuildingMaster,Flax,192107,619,187,0.4067,1,0.2027,0,0,
25Oct0041,SMBuildingMaster,Flax,192109,621,187,0.3989,1,0.2027,0,0,
25Oct0041,SMBuildingMaster,Flax,193124,612,188,0.4146,1,0.2027,0,0,
25Oct0041,SMBuildingMaster,Flax,193126,614,188,0.4107,1,0.2027,0,0,
25Oct0041,SMBuildingMaster,Flax,193127,615,188,0.4107,1,0.2027,0,0,
25Oct0041,SMBuildingMaster,Flax,193129,617,188,0.4107,1,0.2027,0,0,
25Oct0041,SMBuildingMaster,Flax,193131,619,188,0.4067,1,0.2027,0,0,
25Oct0041,SMBuildingMaster,Flax,193133,621,188,0.4028,1,0.2027,0,0,
25Oct0041,SMBuildingMaster,Flax,194148,612,189,0.4146,1,0.2027,0,0,
25Oct0041,SMBuildingMaster,Flax,194150,614,189,0.4107,1,0.2027,0,0,
25Oct0041,SMBuildingMaster,Flax,194151,615,189,0.4107,1,0.2027,0,0,
25Oct0041,SMBuildingMaster,Flax,194153,617,189,0.4067,1,0.2027,0,0,
25Oct0041,SMBuildingMaster,Flax,194155,619,189,0.4107,1,0.2027,0,0,
25Oct0041,SMBuildingMaster,Flax,194157,621,189,0.4067,1,0.2027,0,0,
25Oct0041,SMBuildingMaster,Flax,195172,612,190,0.4146,1,0.2027,0,0,
25Oct0041,SMBuildingMaster,Flax,195174,614,190,0.4146,1,0.2027,0,0,
25Oct0041,SMBuildingMaster,Flax,195175,615,190,0.4146,1,0.2027,0,0,
25Oct0041,SMBuildingMaster,Flax,195177,617,190,0.4107,1,0.2027,0,0,
25Oct0041,SMBuildingMaster,Flax,195179,619,190,0.4067,1,0.2027,0,0,
25Oct0041,SMBuildingMaster,Flax,195181,621,190,0.4067,1,0.2027,0,0,
25Oct0041,SMBuildingMaster,Flax,196196,612,191,0,2,0.2027,0,0,
25Oct0041,SMBuildingMaster,Flax,196198,614,191,0,2,0.2027,0,0,
25Oct0041,SMBuildingMaster,Flax,196199,615,191,0,2,0.2027,0,0,
25Oct0041,SMBuildingMaster,Flax,196201,617,191,0,2,0.2027,0,0,
25Oct0041,SMBuildingMaster,Flax,196203,619,191,0,2,0.2027,0,0,
25Oct0041,SMBuildingMaster,Flax,196205,621,191,0,2,0.2027,0,0,
01Sep0042,SMBuildingMaster,Flax,186980,612,182,0,2,0.0887,1,1,7
01Sep0042,SMBuildingMaster,Flax,186982,614,182,0,2,0.0887,1,1,7
01Sep0042,SMBuildingMaster,Flax,186983,615,182,0,2,0.0887,1,1,7
01Sep0042,SMBuildingMaster,Flax,186985,617,182,0,2,0.0887,1,1,7
01Sep0042,SMBuildingMaster,Flax,186987,619,182,0,2,0.0887,1,1,7
01Sep0042,SMBuildingMaster,Flax,186989,621,182,0,2,0.0887,1,1,7
01Sep0042,SMBuildingMaster,Flax,188004,612,183,0.1709,1,0.0887,1,1,7
01Sep0042,SMBuildingMaster,Flax,188006,614,183,0.1709,1,0.0887,1,1,7
01Sep0042,SMBuildingMaster,Flax,188007,615,183,0.1709,1,0.0887,1,1,7
01Sep0042,SMBuildingMaster,Flax,188009,617,183,0.1709,1,0.0887,1,1,7
01Sep0042,SMBuildingMaster,Flax,188011,619,183,0.167,1,0.0887,1,1,7
01Sep0042,SMBuildingMaster,Flax,188013,621,183,0.1631,1,0.0887,1,1,7
01Sep0042,SMBuildingMaster,Flax,189028,612,184,0.1787,1,0.0887,1,1,7
01Sep0042,SMBuildingMaster,Flax,189030,614,184,0.1748,1,0.0887,1,1,7
01Sep0042,SMBuildingMaster,Flax,189031,615,184,0.1748,1,0.0887,1,1,7
01Sep0042,SMBuildingMaster,Flax,189033,617,184,0.1709,1,0.0887,1,1,7
01Sep0042,SMBuildingMaster,Flax,189035,619,184,0.1709,1,0.0887,1,1,7
01Sep0042,SMBuildingMaster,Flax,189037,621,184,0.1631,1,0.0887,1,1,7
01Sep0042,SMBuildingMaster,Flax,190052,612,185,0.1787,1,0.0887,1,1,7
01Sep0042,SMBuildingMaster,Flax,190054,614,185,0.1787,1,0.0887,1,1,7
01Sep0042,SMBuildingMaster,Flax,190055,615,185,0.1787,1,0.0887,1,1,7
01Sep0042,SMBuildingMaster,Flax,190057,617,185,0.1748,1,0.0887,1,1,7
01Sep0042,SMBuildingMaster,Flax,190059,619,185,0.1709,1,0.0887,1,1,7
01Sep0042,SMBuildingMaster,Flax,190061,621,185,0.167,1,0.0887,1,1,7
01Sep0042,SMBuildingMaster,Flax,191076,612,186,0,3,0.0887,1,1,7
01Sep0042,SMBuildingMaster,Flax,191078,614,186,0,3,0.0887,1,1,7
01Sep0042,SMBuildingMaster,Flax,191079,615,186,0,3,0.0887,1,1,7
01Sep0042,SMBuildingMaster,Flax,191081,617,186,0,3,0.0887,1,1,7
01Sep0042,SMBuildingMaster,Flax,191083,619,186,0,3,0.0887,1,1,7
01Sep0042,SMBuildingMaster,Flax,191085,621,186,0,3,0.0887,1,1,7
01Sep0042,SMBuildingMaster,Flax,192100,612,187,0.1827,1,0.0887,1,1,7
01Sep0042,SMBuildingMaster,Flax,192102,614,187,0.1827,1,0.0887,1,1,7
01Sep0042,SMBuildingMaster,Flax,192103,615,187,0.1827,1,0.0887,1,1,7
01Sep0042,SMBuildingMaster,Flax,192105,617,187,0.1787,1,0.0887,1,1,7
01Sep0042,SMBuildingMaster,Flax,192107,619,187,0.1787,1,0.0887,1,1,7
01Sep0042,SMBuildingMaster,Flax,192109,621,187,0.1709,1,0.0887,1,1,7
01Sep0042,SMBuildingMaster,Flax,193124,612,188,0.1866,1,0.0887,1,1,7
01Sep0042,SMBuildingMaster,Flax,193126,614,188,0.1827,1,0.0887,1,1,7
01Sep0042,SMBuildingMaster,Flax,193127,615,188,0.1827,1,0.0887,1,1,7
01Sep0042,SMBuildingMaster,Flax,193129,617,188,0.1827,1,0.0887,1,1,7
01Sep0042,SMBuildingMaster,Flax,193131,619,188,0.1787,1,0.0887,1,1,7
01Sep0042,SMBuildingMaster,Flax,193133,621,188,0.1748,1,0.0887,1,1,7
01Sep0042,SMBuildingMaster,Flax,194148,612,189,0.1866,1,0.0887,1,1,7
01Sep0042,SMBuildingMaster,Flax,194150,614,189,0.1827,1,0.0887,1,1,7
01Sep0042,SMBuildingMaster,Flax,194151,615,189,0.1827,1,0.0887,1,1,7
01Sep0042,SMBuildingMaster,Flax,194153,617,189,0.1787,1,0.0887,1,1,7
01Sep0042,SMBuildingMaster,Flax,194155,619,189,0.1827,1,0.0887,1,1,7
01Sep0042,SMBuildingMaster,Flax,194157,621,189,0.1787,1,0.0887,1,1,7
01Sep0042,SMBuildingMaster,Flax,195172,612,190,0.1866,1,0.0887,1,1,7
01Sep0042,SMBuildingMaster,Flax,195174,614,190,0.1866,1,0.0887,1,1,7
01Sep0042,SMBuildingMaster,Flax,195175,615,190,0.1866,1,0.0887,1,1,7
01Sep0042,SMBuildingMaster,Flax,195177,617,190,0.1827,1,0.0887,1,1,7
01Sep0042,SMBuildingMaster,Flax,195179,619,190,0.1787,1,0.0887,1,1,7
01Sep0042,SMBuildingMaster,Flax,195181,621,190,0.1787,1,0.0887,1,1,7
01Sep0042,SMBuildingMaster,Flax,196196,612,191,0,2,0.0887,1,1,7
01Sep0042,SMBuildingMaster,Flax,196198,614,191,0,2,0.0887,1,1,7
01Sep0042,SMBuildingMaster,Flax,196199,615,191,0,2,0.0887,1,1,7
01Sep0042,SMBuildingMaster,Flax,196201,617,191,0,2,0.0887,1,1,7
01Sep0042,SMBuildingMaster,Flax,196203,619,191,0,2,0.0887,1,1,7
01Sep0042,SMBuildingMaster,Flax,196205,621,191,0,2,0.0887,1,1,7
